scenario,axis,start,end,span_seconds,target_residual,observed_samples,longest_segment_seconds
brief_high,j1,2022-10-18 10:48:20.628000+00:00,2022-10-18 10:48:24.628000+00:00,4.0,11.701327274810975,3,4.0
sustained_moderate,j1,2022-10-18 10:51:40.628000+00:00,2022-10-18 10:52:00.628000+00:00,20.0,8.582324811650366,11,20.0
sustained_high,j1,2022-10-18 10:55:00.628000+00:00,2022-10-18 10:55:20.628000+00:00,20.0,11.701327274810975,11,20.0
gap_interrupted_high,j1,2022-10-18 10:58:20.628000+00:00,2022-10-18 10:58:40.628000+00:00,20.0,11.701327274810975,8,6.0
brief_high,j2,2022-10-18 10:48:20.628000+00:00,2022-10-18 10:48:24.628000+00:00,4.0,30.609986696290594,3,4.0
sustained_moderate,j2,2022-10-18 10:51:40.628000+00:00,2022-10-18 10:52:00.628000+00:00,20.0,23.710694690927284,11,20.0
sustained_high,j2,2022-10-18 10:55:00.628000+00:00,2022-10-18 10:55:20.628000+00:00,20.0,30.609986696290594,11,20.0
gap_interrupted_high,j2,2022-10-18 10:58:20.628000+00:00,2022-10-18 10:58:40.628000+00:00,20.0,30.609986696290594,8,6.0
brief_high,j3,2022-10-18 10:48:20.628000+00:00,2022-10-18 10:48:24.628000+00:00,4.0,24.20539333973666,3,4.0
sustained_moderate,j3,2022-10-18 10:51:40.628000+00:00,2022-10-18 10:52:00.628000+00:00,20.0,18.828816495733115,11,20.0
sustained_high,j3,2022-10-18 10:55:00.628000+00:00,2022-10-18 10:55:20.628000+00:00,20.0,24.20539333973666,11,20.0
gap_interrupted_high,j3,2022-10-18 10:58:20.628000+00:00,2022-10-18 10:58:40.628000+00:00,20.0,24.20539333973666,8,6.0
brief_high,j4,2022-10-18 10:48:20.628000+00:00,2022-10-18 10:48:24.628000+00:00,4.0,8.497326928461739,3,4.0
sustained_moderate,j4,2022-10-18 10:51:40.628000+00:00,2022-10-18 10:52:00.628000+00:00,20.0,6.132553048902329,11,20.0
sustained_high,j4,2022-10-18 10:55:00.628000+00:00,2022-10-18 10:55:20.628000+00:00,20.0,8.497326928461739,11,20.0
gap_interrupted_high,j4,2022-10-18 10:58:20.628000+00:00,2022-10-18 10:58:40.628000+00:00,20.0,8.497326928461739,8,6.0
brief_high,j5,2022-10-18 10:48:20.628000+00:00,2022-10-18 10:48:24.628000+00:00,4.0,9.824270408049241,3,4.0
sustained_moderate,j5,2022-10-18 10:51:40.628000+00:00,2022-10-18 10:52:00.628000+00:00,20.0,7.29567693498144,11,20.0
sustained_high,j5,2022-10-18 10:55:00.628000+00:00,2022-10-18 10:55:20.628000+00:00,20.0,9.824270408049241,11,20.0
gap_interrupted_high,j5,2022-10-18 10:58:20.628000+00:00,2022-10-18 10:58:40.628000+00:00,20.0,9.824270408049241,8,6.0
brief_high,j6,2022-10-18 10:48:20.628000+00:00,2022-10-18 10:48:24.628000+00:00,4.0,10.710965042608118,3,4.0
sustained_moderate,j6,2022-10-18 10:51:40.628000+00:00,2022-10-18 10:52:00.628000+00:00,20.0,7.6791441666562275,11,20.0
sustained_high,j6,2022-10-18 10:55:00.628000+00:00,2022-10-18 10:55:20.628000+00:00,20.0,10.710965042608118,11,20.0
gap_interrupted_high,j6,2022-10-18 10:58:20.628000+00:00,2022-10-18 10:58:40.628000+00:00,20.0,10.710965042608118,8,6.0
brief_high,j7,2022-10-18 10:48:20.628000+00:00,2022-10-18 10:48:24.628000+00:00,4.0,10.309161587900208,3,4.0
sustained_moderate,j7,2022-10-18 10:51:40.628000+00:00,2022-10-18 10:52:00.628000+00:00,20.0,8.28859230554614,11,20.0
sustained_high,j7,2022-10-18 10:55:00.628000+00:00,2022-10-18 10:55:20.628000+00:00,20.0,10.309161587900208,11,20.0
gap_interrupted_high,j7,2022-10-18 10:58:20.628000+00:00,2022-10-18 10:58:40.628000+00:00,20.0,10.309161587900208,8,6.0
brief_high,j8,2022-10-18 10:48:20.628000+00:00,2022-10-18 10:48:24.628000+00:00,4.0,3.153290397138077,3,4.0
sustained_moderate,j8,2022-10-18 10:51:40.628000+00:00,2022-10-18 10:52:00.628000+00:00,20.0,1.9904207270804248,11,20.0
sustained_high,j8,2022-10-18 10:55:00.628000+00:00,2022-10-18 10:55:20.628000+00:00,20.0,3.153290397138077,11,20.0
gap_interrupted_high,j8,2022-10-18 10:58:20.628000+00:00,2022-10-18 10:58:40.628000+00:00,20.0,3.153290397138077,8,6.0
