Trait,Axis #1,Axis #2,Axis #3,Axis #4,Axis #5,Axis #6,Axis #7,Axis #8,Axis #9,Axis #10,Axis #11,Axis #12,Axis #13,Axis #14,Time
current,3.2287388920975872,0.3174398180495288,10.931071182101997,0.20545402376279456,5.433276363712899,7.255290001891082,0.35165299179814175,0.05719303440951032,,,,,,,2022-10-18T10:45:00.628000Z
current,0.3872739129170932,10.731423983640934,8.197506667525564,0.0,1.9856383156772093,0.5744584285618928,0.08503671521521308,0.01924997265779335,,,,,,,2022-10-18T10:45:02.628000Z
current,1.0167319615147148,28.25170777482685,13.760364207647198,2.1738212304280236,3.169269801348184,0.07960534787702658,7.528194997362115,0.059524073931864666,,,,,,,2022-10-18T10:45:04.628000Z
current,0.30845056381772246,11.25184218615976,5.95751835662718,0.7719664068736596,0.2920498780951575,0.7675464428893685,0.3818347521581593,0.061155321488965166,,,,,,,2022-10-18T10:45:06.628000Z
current,1.5991558758199014,22.791316989549163,7.430495932983014,2.3396933397756854,1.8861035749635342,0.184688552256253,7.576688814098694,0.05860845973415918,,,,,,,2022-10-18T10:45:08.628000Z
current,2.2963719725542973,27.766698279179792,1.9017147210660807,0.2817530537178298,2.804361308385353,8.612653187485009,0.490790143503931,0.057127746298509,,,,,,,2022-10-18T10:45:10.628000Z
current,0.5313925491068124,11.097130504277011,3.272640769202923,2.716976721543061,0.7249220322145816,0.6764495542276957,0.15509082983775777,2.794296119430474,,,,,,,2022-10-18T10:45:12.628000Z
current,1.3355578461120778,3.5974358554439663,10.328573576956439,1.1533812847543956,10.088021047229097,1.086060270868509,3.7789077098103627,1.1066402952984855,,,,,,,2022-10-18T10:45:14.628000Z
current,4.135207393255053,4.023497743043225,6.9656207468897255,0.7751282094157539,0.8148871747224059,0.8665449559418339,0.7165735199791263,0.11512820976291785,,,,,,,2022-10-18T10:45:16.628000Z
current,0.2779141984990024,0.0,0.0,0.0,0.0,0.0,0.0,0.0,,,,,,,2022-10-18T10:45:18.628000Z
current,0.0,0.0,0.0,0.0,0.0,0.0,0.0,0.0,,,,,,,2022-10-18T10:45:20.628000Z
current,0.0,0.0,0.0,0.0,0.0,0.0,0.0,0.0,,,,,,,2022-10-18T10:45:22.628000Z
current,0.0,0.0,0.0,0.0,0.0,0.0,0.0,0.0,,,,,,,2022-10-18T10:45:24.628000Z
current,0.0,0.0,0.0,0.0,0.0,0.0,0.0,0.0,,,,,,,2022-10-18T10:45:26.628000Z
current,0.0,0.0,0.0,0.0,0.0,0.0,0.0,0.0,,,,,,,2022-10-18T10:45:28.628000Z
current,0.0,0.0,0.0,0.0,0.0,0.0,0.0,0.0,,,,,,,2022-10-18T10:45:30.628000Z
current,0.0,0.0,0.0,0.0,0.0,0.0,0.0,0.0,,,,,,,2022-10-18T10:45:32.628000Z
current,0.0,0.0,0.0,0.0,0.0,0.0,0.0,0.0,,,,,,,2022-10-18T10:45:34.628000Z
current,0.0,0.0,0.0,0.0,0.0,0.0,0.0,0.0,,,,,,,2022-10-18T10:45:36.628000Z
current,0.4433047874546766,9.6013636736837,7.324902835244785,1.0391419195805038,0.7492841059738173,2.801850174041744,1.3441487868940816,0.09466328997437008,,,,,,,2022-10-18T10:45:38.628000Z
current,9.92616460312853,22.44678156472255,2.7780257408749716,7.838955344019345,8.383975687801685,0.2576245929221794,0.5027202221573362,0.11598354858734145,,,,,,,2022-10-18T10:45:40.628000Z
current,0.5884308118085069,11.456781689284494,3.8078625768280996,0.2549439710958735,3.634963782096657,2.238637718118256,1.7746987236201432,0.09702095921011956,,,,,,,2022-10-18T10:45:42.628000Z
current,1.3198839608392952,11.174209990544897,3.7647613672417304,1.4913458429336464,3.7764880528996714,0.7723971850737402,7.988009062860916,0.09898116570322156,,,,,,,2022-10-18T10:45:44.628000Z
current,0.3675261446709181,10.565467119916073,5.397432688508412,2.199481811012317,4.628273344385017,2.2704011894788025,1.6472960762334343,0.09255313867887702,,,,,,,2022-10-18T10:45:46.628000Z
current,0.05169763182707643,2.1744246417387036,27.597878984648265,0.4424539590977439,4.306781019743403,1.1302363779913773,0.21819905253397773,0.07825162512435556,,,,,,,2022-10-18T10:45:48.628000Z
current,4.553187528402174,3.173634879569702,7.582329826586432,0.5570036422578325,0.5071787675325842,1.4148422627174517,0.16995212511933724,0.10179320369731987,,,,,,,2022-10-18T10:45:50.628000Z
current,0.12742401792334337,12.077740178563745,5.878208376159387,0.25309531780986705,0.6447327884531876,0.6121551923599519,0.7284207732544097,0.0986069406919198,,,,,,,2022-10-18T10:45:52.628000Z
current,0.31916193124679837,12.445807454642354,14.841672589970639,1.1990205856082605,0.12539736762778037,0.38112776968155426,7.925184683199897,0.09723207834655259,,,,,,,2022-10-18T10:45:54.628000Z
current,0.23381686563959028,11.75716676690764,6.279321077128709,0.20653120601970035,0.43670527023029365,0.6302311933548056,0.0,0.09984425737575278,,,,,,,2022-10-18T10:45:56.628000Z
current,0.32140298638422493,10.950266165471973,6.096252834816005,2.089230722341817,0.20676704701350995,0.5709618717440015,0.22381802542776677,0.09762513206887374,,,,,,,2022-10-18T10:45:58.628000Z
current,1.5544362539815022,27.79740074620684,4.708969954858879,2.396880640650781,1.0486205181673076,0.7705233404271534,0.49477419464016803,0.09964920454187982,,,,,,,2022-10-18T10:46:00.628000Z
current,0.05181356888272221,31.42851611199843,11.535536750243677,2.9628799119340403,8.30879946307432,1.5142406143735556,0.011945422914499878,0.09933829958045476,,,,,,,2022-10-18T10:46:02.628000Z
current,1.0232841869778977,6.849597707885399,28.145293059141824,0.37366306168531066,3.8363844360121035,5.670304065947599,0.6015120000925364,1.3313286107465625,,,,,,,2022-10-18T10:46:04.628000Z
current,0.2712966865696867,3.8206612122724244,6.978931061989159,0.7924037166110173,0.7817710235289683,0.8109047178044734,0.6145339461690991,0.15930361774315313,,,,,,,2022-10-18T10:46:06.628000Z
current,0.0,0.0,0.0,0.0,0.0,0.0,0.0,0.0,,,,,,,2022-10-18T10:46:08.628000Z
current,0.0,0.0,0.0,0.0,0.0,0.0,0.0,0.0,,,,,,,2022-10-18T10:46:10.628000Z
current,0.0,0.0,0.0,0.0,0.0,0.0,0.0,0.0,,,,,,,2022-10-18T10:46:12.628000Z
current,0.0,0.0,0.0,0.0,0.0,0.0,0.0,0.0,,,,,,,2022-10-18T10:46:14.628000Z
current,0.0,0.0,0.0,0.0,0.0,0.0,0.0,0.0,,,,,,,2022-10-18T10:46:16.628000Z
current,0.0,0.0,0.0,0.0,0.0,0.0,0.0,0.0,,,,,,,2022-10-18T10:46:18.628000Z
current,0.0,0.0,0.0,0.0,0.0,0.0,0.0,0.0,,,,,,,2022-10-18T10:46:20.628000Z
current,0.0,0.0,0.0,0.0,0.0,0.0,0.0,0.0,,,,,,,2022-10-18T10:46:22.628000Z
current,0.0,0.0,0.0,0.0,0.0,0.0,0.0,0.0,,,,,,,2022-10-18T10:46:24.628000Z
current,0.1523241978544262,7.299434667619796,7.442381198011541,1.4548415834429327,0.5826692413285516,1.3376521861849382,0.036226703037295215,0.12121431558488589,,,,,,,2022-10-18T10:46:26.628000Z
current,13.628505849795877,1.0156220419175679,14.437236634818317,5.3985681863583626,5.645739588903504,4.039001359963429,0.4768642442737113,0.1321456181526271,,,,,,,2022-10-18T10:46:28.628000Z
current,1.7142423960401276,10.362449364227073,3.447492129565656,0.3303527501670602,4.929493166628544,0.43895741473353034,8.170241188543786,0.13582619194727755,,,,,,,2022-10-18T10:46:30.628000Z
current,0.17840773942436158,22.80184681053408,1.132621891091922,0.8218640177239338,3.9955398966050315,0.7427174195705672,8.326457946165354,0.13790366971849954,,,,,,,2022-10-18T10:46:32.628000Z
current,0.4740045729986294,11.024725949513783,3.4369744955023416,0.3085222078093146,4.8724678426709715,1.2653302594283231,0.5026980292436635,0.13976206205643227,,,,,,,2022-10-18T10:46:34.628000Z
current,1.029853934794415,11.599773814172963,6.188344393613589,1.2969704378022324,2.789375422224612,0.7228300148687127,0.13095799566259317,0.11826907011060578,,,,,,,2022-10-18T10:46:36.628000Z
current,10.689922870147246,0.25649252143873075,10.743276409271733,1.3140727602032776,1.7361326700190507,0.20740118113548822,0.29098360663709205,0.10001542695081424,,,,,,,2022-10-18T10:46:38.628000Z
current,0.3802709914192663,12.234809551290562,6.212733940808732,0.07453941702896245,0.7185886945042719,0.7766266605059015,1.4599686480853877,0.09661786183323708,,,,,,,2022-10-18T10:46:40.628000Z
current,0.28958877759713486,11.862025900629291,0.0,2.247163349054963,1.7250577711825277,0.4951377979631566,7.751697109261424,0.09825966773326301,,,,,,,2022-10-18T10:46:42.628000Z
current,0.0,12.374593687577246,6.813030168403736,0.29021567364434137,0.39637228392830254,0.4479889027684841,8.104855436738685,0.0977194910949427,,,,,,,2022-10-18T10:46:44.628000Z
current,0.025910041283413274,11.147387669162189,6.325600407526385,2.3141827311730734,0.7697951247648711,0.8508491528383761,0.02389672452608905,0.09747477717946304,,,,,,,2022-10-18T10:46:46.628000Z
current,0.7148865422643069,4.207586565893987,14.22832313740997,2.315979769154779,6.554778389445952,1.9960680005826181,0.1912070478593508,0.09416167439346541,,,,,,,2022-10-18T10:46:48.628000Z
current,0.15923532707411117,21.67100962362702,4.658584943225575,1.899794159949846,4.51639746222035,0.992151286873063,0.4734949457684909,0.13399179329440938,,,,,,,2022-10-18T10:46:50.628000Z
current,7.706077184640895,4.561658334355671,1.0448786811760484,0.29185460583026746,9.672029574282043,9.446753641126397,0.25399923891477133,0.4934159582836175,,,,,,,2022-10-18T10:46:52.628000Z
current,0.10367282555338238,4.237621569050016,5.901648897198087,0.5376855408382512,0.5971987915592046,0.0,4.9339848527062395,4.045340317943571,,,,,,,2022-10-18T10:46:54.628000Z
current,0.23083728593026978,4.253413399514422,6.794841490132695,0.05173271399895139,1.7714393087118876,7.006959685056376,1.0431030706196496,0.17881369381796303,,,,,,,2022-10-18T10:46:56.628000Z
current,0.2642655694912226,3.938485020994648,6.70269422876064,0.7757483575579691,0.7529704609944892,0.7654497665165785,0.4651396797094499,0.11632408140449879,,,,,,,2022-10-18T10:46:58.628000Z
current,0.0,0.0,0.0,0.0,0.0,0.0,0.0,0.0,,,,,,,2022-10-18T10:47:00.628000Z
current,0.0,0.0,0.0,0.0,0.0,0.0,0.0,0.0,,,,,,,2022-10-18T10:47:02.628000Z
current,0.0,0.0,0.0,0.0,0.0,0.0,0.0,0.0,,,,,,,2022-10-18T10:47:04.628000Z
current,0.0,0.0,0.0,0.0,0.0,0.0,0.0,0.0,,,,,,,2022-10-18T10:47:06.628000Z
current,0.0,0.0,0.0,0.0,0.0,0.0,0.0,0.0,,,,,,,2022-10-18T10:47:08.628000Z
current,0.0,0.0,0.0,0.0,0.0,0.0,0.0,0.0,,,,,,,2022-10-18T10:47:10.628000Z
current,0.0,0.0,0.0,0.0,0.0,0.0,0.0,0.0,,,,,,,2022-10-18T10:47:12.628000Z
current,0.0,0.0,0.0,0.0,0.0,0.0,0.0,0.0,,,,,,,2022-10-18T10:47:14.628000Z
current,0.0,0.0,0.0,0.0,0.0,0.0,0.0,0.0,,,,,,,2022-10-18T10:47:16.628000Z
current,0.0,0.0,0.0,0.0,0.0,0.0,0.0,0.0,,,,,,,2022-10-18T10:47:18.628000Z
current,0.0,0.0,0.0,0.0,0.0,0.0,0.0,0.0,,,,,,,2022-10-18T10:47:20.628000Z
current,0.0,0.0,0.0,0.0,0.0,0.0,0.0,0.0,,,,,,,2022-10-18T10:47:22.628000Z
current,0.0,0.0,0.0,0.0,0.0,0.0,0.0,0.0,,,,,,,2022-10-18T10:47:24.628000Z
current,0.0,0.0,0.0,0.0,0.0,0.0,0.0,0.0,,,,,,,2022-10-18T10:47:26.628000Z
current,0.0,0.0,0.0,0.0,0.0,0.0,0.0,0.0,,,,,,,2022-10-18T10:47:28.628000Z
current,0.0,0.0,0.0,0.0,0.0,0.0,0.0,0.0,,,,,,,2022-10-18T10:47:30.628000Z
current,0.0,0.0,0.0,0.0,0.0,0.0,0.0,0.0,,,,,,,2022-10-18T10:47:32.628000Z
current,0.0,0.0,0.0,0.0,0.0,0.0,0.0,0.0,,,,,,,2022-10-18T10:47:34.628000Z
current,0.0,0.0,0.0,0.0,0.0,0.0,0.0,0.0,,,,,,,2022-10-18T10:47:36.628000Z
current,0.0,0.0,0.0,0.0,0.0,0.0,0.0,0.0,,,,,,,2022-10-18T10:47:38.628000Z
current,0.0,0.0,0.0,0.0,0.0,0.0,0.0,0.0,,,,,,,2022-10-18T10:47:40.628000Z
current,0.0,0.0,0.0,0.0,0.0,0.0,0.0,0.0,,,,,,,2022-10-18T10:47:42.628000Z
current,0.0,0.0,0.0,0.0,0.0,0.0,0.0,0.0,,,,,,,2022-10-18T10:47:44.628000Z
current,0.0,0.0,0.0,0.0,0.0,0.0,0.0,0.0,,,,,,,2022-10-18T10:47:46.628000Z
current,0.0,0.0,0.0,0.0,0.0,0.0,0.0,0.0,,,,,,,2022-10-18T10:47:48.628000Z
current,0.0,0.0,0.0,0.0,0.0,0.0,0.0,0.0933876566810564,,,,,,,2022-10-18T10:47:50.628000Z
current,0.9938885610365953,0.05201004601092819,6.417030783581328,1.0366818009007488,14.497692687530813,0.05177039997213593,0.23222930719081922,0.10080917934173222,,,,,,,2022-10-18T10:47:52.628000Z
current,2.480966810044047,7.835363505732766,5.292261433794933,1.6637498646501012,5.696014989856653,1.3954016636624245,0.4791622099026311,0.08144116856508636,,,,,,,2022-10-18T10:47:54.628000Z
current,0.6742036780897172,11.26674127207594,3.5574766868595082,0.3054124768476606,3.9429147836424234,2.647402486847405,1.4073350777908409,0.07986053809346312,,,,,,,2022-10-18T10:47:56.628000Z
current,0.07499494592026079,9.77386602378152,4.263758901458068,1.4249171326780044,3.810928749170834,0.7887491985201484,2.3060540691398024,0.08115837667193257,,,,,,,2022-10-18T10:47:58.628000Z
current,0.326871413788052,10.55879967825344,5.643481583248422,2.6700905723904533,5.3138875729591994,1.1648592843013188,1.624355912532724,0.08040544171106855,,,,,,,2022-10-18T10:48:00.628000Z
current,0.25555091909132277,19.630215875322516,29.885192689193943,0.5088473826047238,3.724606508038623,0.7986167251579085,0.2812388905811684,0.07937814511036084,,,,,,,2022-10-18T10:48:02.628000Z
current,5.528676244751717,4.815802232224107,5.089164515549115,0.48655658696578435,0.8230351678625546,1.4510918135076707,0.12203734263179478,0.07753320123302009,,,,,,,2022-10-18T10:48:04.628000Z
current,0.18443336190542212,12.70986213218425,6.166221552402285,0.12665563779946137,0.025454619696594568,0.6482723998925178,0.7723278453804908,0.099304716121656,,,,,,,2022-10-18T10:48:06.628000Z
current,2.1959940688435693,9.782374073085313,9.95955237408005,0.9903957564047494,0.15566607498793303,0.37269487088550296,8.23857924458149,0.07900810929091852,,,,,,,2022-10-18T10:48:08.628000Z
current,0.30974395430455476,11.822064804752653,6.109518816453721,0.35758217822904426,0.39396699677092456,0.02599961820267315,0.2254990753096631,0.0782233573812931,,,,,,,2022-10-18T10:48:10.628000Z
current,0.18152366598276753,11.154288200283471,6.338519910213439,2.1971453733280217,4.628121590498962,0.396697797480307,0.43814780182811075,0.07925232245592195,,,,,,,2022-10-18T10:48:12.628000Z
current,4.551504908039858,7.508626983986748,29.55622933788544,0.17830020665140303,4.010847508727417,13.353441086995971,0.4312716865042027,1.3651617244914713,,,,,,,2022-10-18T10:48:14.628000Z
current,0.12965063179485684,3.8472327166527025,6.079681392430754,0.2590070789691752,0.9848657595832521,0.5406424765168848,1.8256583608321475,1.459704006864524,,,,,,,2022-10-18T10:48:16.628000Z
current,0.7210111764814298,3.70160525459254,2.6871055842573885,0.6358641229827999,0.9578910902638993,0.6185050638088115,0.8924110502835367,0.10563242591464783,,,,,,,2022-10-18T10:48:18.628000Z
current,12.422338215946692,34.31159633928997,26.892497768556854,9.133191829451432,10.782161665936698,11.329471055308023,11.201573745620976,3.2589229930524994,,,,,,,2022-10-18T10:48:20.628000Z
current,12.422337980600979,34.311600727696806,26.892496613119665,9.133192607458325,10.782161833560256,11.329472004199118,11.201574853058206,3.2589231630522746,,,,,,,2022-10-18T10:48:22.628000Z
current,12.422337745255264,34.311605116103635,26.89249545768247,9.133193385465217,10.782162001183814,11.329472953090212,11.201575960495438,3.2589233330520493,,,,,,,2022-10-18T10:48:24.628000Z
current,0.7210102350985762,3.7016228082198794,2.6871009625086204,0.6358672350103717,0.9578917607581302,0.6185088593731891,0.8924154800324601,0.10563310591374751,,,,,,,2022-10-18T10:48:26.628000Z
current,0.0,0.0,0.0,0.0,0.0,0.0,0.0,0.0,,,,,,,2022-10-18T10:48:28.628000Z
current,0.0,0.0,0.0,0.0,0.0,0.0,0.0,0.0,,,,,,,2022-10-18T10:48:30.628000Z
current,0.0,0.0,0.0,0.0,0.0,0.0,0.0,0.0,,,,,,,2022-10-18T10:48:32.628000Z
current,0.0,0.0,0.0,0.0,0.0,0.0,0.0,0.0,,,,,,,2022-10-18T10:48:34.628000Z
current,0.0,0.0,0.0,0.0,0.0,0.0,0.0,0.0,,,,,,,2022-10-18T10:48:36.628000Z
current,0.0,0.0,0.0,0.0,0.0,0.0,0.0,0.0,,,,,,,2022-10-18T10:48:38.628000Z
current,0.4073264228808505,4.600632922057397,6.4359238290112755,1.0762527878737862,1.7594088395554703,6.246467282153616,0.02345501472686049,0.09598436589372367,,,,,,,2022-10-18T10:48:40.628000Z
current,3.9820488621182784,7.486278560017054,3.55600485778998,7.068256705782038,2.9613860417342854,12.919716856518628,0.4499543901544564,0.07713825145479714,,,,,,,2022-10-18T10:48:42.628000Z
current,0.4783291389647247,9.387424742346717,2.2870092867888614,1.1205087993158604,4.5907310843020666,0.3521207553957327,8.02394729344394,0.059379431467129984,,,,,,,2022-10-18T10:48:44.628000Z
current,0.36594820428037844,11.060780313620956,2.7502863335801435,0.9550953340312432,4.127656483691218,3.0912618379252583,0.07236587029363097,0.03832717947444034,,,,,,,2022-10-18T10:48:46.628000Z
current,1.6090581117356544,11.541151560526572,2.9314154016863183,0.025508830883509546,4.299016106070174,0.0,8.068635694603026,0.05907860768621277,,,,,,,2022-10-18T10:48:48.628000Z
current,7.026742365445409,24.536148549385413,12.710486725476846,13.500821741899498,0.6643823670842457,0.1804815898969949,0.01190981334475455,0.0380118424360651,,,,,,,2022-10-18T10:48:50.628000Z
current,1.4826576276270649,1.5901812901935393,5.899833048649996,1.5441190208708155,3.562405045944486,3.4365503861517244,0.26626095032559394,0.039875648199214325,,,,,,,2022-10-18T10:48:52.628000Z
current,0.3616211997286083,18.8587018943211,15.800862704747715,0.6014658287404363,0.631197297498273,0.8583008581596242,7.941517033156065,0.03953098198546483,,,,,,,2022-10-18T10:48:54.628000Z
current,0.32968513688152407,12.132514309224597,6.425974816181562,0.8828535617192336,0.28056592293123955,0.4820074166136365,1.8805831576585437,0.06054121924898507,,,,,,,2022-10-18T10:48:56.628000Z
current,0.29048243603387747,7.128355222954463,12.338136983454762,1.0528884136180177,0.5428935999694536,0.4637727658819302,8.079276263339576,0.038285102239054424,,,,,,,2022-10-18T10:48:58.628000Z
current,1.2678738583470428,16.30671453528591,6.773745537413947,2.2543498214762927,0.6604174407860178,0.13164886960378777,7.2605108350517575,0.05792663504321991,,,,,,,2022-10-18T10:49:00.628000Z
current,0.27317092286288747,22.6300061084927,9.459308355169918,1.4745443767351776,2.6959589057978794,0.18167819435537777,0.07299093805646319,0.059545627767275434,,,,,,,2022-10-18T10:49:02.628000Z
current,0.37086654169827243,10.948877731476797,6.51622640199407,2.1709694646611375,0.3924472334644794,1.0243146301510522,0.7504662504296158,0.038333557952336866,,,,,,,2022-10-18T10:49:04.628000Z
current,10.40422299696518,3.3892486669723323,9.98103252743593,2.2144396756723186,0.7189551302470224,0.4697863167022201,0.7165337252934167,0.05808761075671343,,,,,,,2022-10-18T10:49:06.628000Z
current,4.500357993328155,6.054693343764768,6.077822836345059,0.1549626986625201,0.686899673213492,0.40597183557724514,3.5553205233892804,2.881000924251205,,,,,,,2022-10-18T10:49:08.628000Z
current,4.746228634294119,1.7333021305202192,10.528622583543882,0.44477071702475823,1.4987054174671137,0.0765495287103231,1.834456253851532,0.17700849530563903,,,,,,,2022-10-18T10:49:10.628000Z
current,0.25565503651834665,4.119693998259328,6.707174978576301,0.7105241329412065,0.7836917688075431,0.7672583971839153,0.6370623803101774,0.13297503505998756,,,,,,,2022-10-18T10:49:12.628000Z
current,0.0,0.0,0.0,0.0,0.0,0.0,0.0,0.0,,,,,,,2022-10-18T10:49:14.628000Z
current,0.0,0.0,0.0,0.0,0.0,0.0,0.0,0.0,,,,,,,2022-10-18T10:49:16.628000Z
current,0.0,0.0,0.0,0.0,0.0,0.0,0.0,0.0,,,,,,,2022-10-18T10:49:18.628000Z
current,0.0,0.0,0.0,0.0,0.0,0.0,0.0,0.0,,,,,,,2022-10-18T10:49:20.628000Z
current,0.0,0.0,0.0,0.0,0.0,0.0,0.0,0.0,,,,,,,2022-10-18T10:49:22.628000Z
current,0.0,0.0,0.0,0.0,0.0,0.0,0.0,0.0,,,,,,,2022-10-18T10:49:24.628000Z
current,0.0,0.0,0.0,0.0,0.0,0.0,0.0,0.0,,,,,,,2022-10-18T10:49:26.628000Z
current,0.0,0.0,0.0,0.0,0.0,0.0,0.0,0.0,,,,,,,2022-10-18T10:49:28.628000Z
current,0.0,0.0,0.0,0.0,0.0,0.0,0.0,0.0,,,,,,,2022-10-18T10:49:30.628000Z
current,0.0,0.0,0.0,0.0,0.0,0.0,0.0,0.0,,,,,,,2022-10-18T10:49:32.628000Z
current,0.0,0.0,0.0,0.0,0.0,0.0,0.0,0.0,,,,,,,2022-10-18T10:49:34.628000Z
current,0.0,0.0,0.0,0.0,0.0,0.0,0.0,0.0,,,,,,,2022-10-18T10:49:36.628000Z
current,0.0,0.0,0.0,0.0,0.0,0.0,0.0,0.0,,,,,,,2022-10-18T10:49:38.628000Z
current,0.0,0.0,0.0,0.0,0.0,0.0,0.0,0.0,,,,,,,2022-10-18T10:49:40.628000Z
current,0.0,0.0,0.0,0.0,0.0,0.0,0.0,0.0,,,,,,,2022-10-18T10:49:42.628000Z
current,0.0,0.0,0.0,0.0,0.0,0.0,0.0,0.0,,,,,,,2022-10-18T10:49:44.628000Z
current,0.0,0.0,0.0,0.0,0.0,0.0,0.0,0.0,,,,,,,2022-10-18T10:49:46.628000Z
current,0.0,0.0,0.0,0.0,0.0,0.0,0.0,0.0,,,,,,,2022-10-18T10:49:48.628000Z
current,0.0,0.0,0.0,0.0,0.0,0.0,0.0,0.0,,,,,,,2022-10-18T10:49:50.628000Z
current,0.0,0.0,0.0,0.0,0.0,0.0,0.0,0.0,,,,,,,2022-10-18T10:49:52.628000Z
current,0.0,0.0,0.0,0.0,0.0,0.0,0.0,0.0,,,,,,,2022-10-18T10:49:54.628000Z
current,0.0,0.0,0.0,0.0,0.0,0.0,0.0,0.0,,,,,,,2022-10-18T10:49:56.628000Z
current,0.0,0.0,0.0,0.0,0.0,0.0,0.0,0.0,,,,,,,2022-10-18T10:49:58.628000Z
current,0.0,0.0,0.0,0.0,0.0,0.0,0.0,0.0,,,,,,,2022-10-18T10:50:00.628000Z
current,0.0,0.0,0.0,0.0,0.0,0.0,0.0,0.0,,,,,,,2022-10-18T10:50:02.628000Z
current,0.0,0.0,0.0,0.0,0.0,0.0,0.0,0.0,,,,,,,2022-10-18T10:50:04.628000Z
current,0.0,0.0,0.0,0.0,0.0,0.0,0.0,0.0,,,,,,,2022-10-18T10:50:06.628000Z
current,0.0,0.0,0.0,0.0,0.0,0.0,0.0,0.0,,,,,,,2022-10-18T10:50:08.628000Z
current,0.0,0.0,0.0,0.0,0.0,0.0,0.0,0.0,,,,,,,2022-10-18T10:50:10.628000Z
current,0.0,0.0,0.0,0.0,0.0,0.0,0.0,0.0,,,,,,,2022-10-18T10:50:12.628000Z
current,0.0,0.0,0.0,0.0,0.0,0.0,0.0,0.0,,,,,,,2022-10-18T10:50:14.628000Z
current,0.0,0.0,0.0,0.0,0.0,0.0,0.0,0.0,,,,,,,2022-10-18T10:50:16.628000Z
current,0.0,0.0,0.0,0.0,0.0,0.0,0.0,0.0,,,,,,,2022-10-18T10:50:18.628000Z
current,0.0,0.0,0.0,0.0,0.0,0.0,0.0,0.0,,,,,,,2022-10-18T10:50:20.628000Z
current,0.0,0.0,0.0,0.0,0.0,0.0,0.0,0.0,,,,,,,2022-10-18T10:50:22.628000Z
current,0.0,0.0,0.0,0.0,0.0,0.0,0.0,0.0,,,,,,,2022-10-18T10:50:24.628000Z
current,0.0,0.0,0.0,0.0,0.0,0.0,0.0,0.0,,,,,,,2022-10-18T10:50:26.628000Z
current,0.0,0.0,0.0,0.0,0.0,0.0,0.0,0.0,,,,,,,2022-10-18T10:50:28.628000Z
current,0.0,0.0,0.0,0.0,0.0,0.0,0.0,0.0,,,,,,,2022-10-18T10:50:30.628000Z
current,0.0,0.0,0.0,0.0,0.0,0.0,0.0,0.0,,,,,,,2022-10-18T10:50:32.628000Z
current,0.0,0.0,0.0,0.0,0.0,0.0,0.0,0.0,,,,,,,2022-10-18T10:50:34.628000Z
current,0.0,0.0,0.0,0.0,0.0,0.0,0.0,0.0,,,,,,,2022-10-18T10:50:36.628000Z
current,0.0,0.0,0.0,0.0,0.0,0.0,0.0,0.0,,,,,,,2022-10-18T10:50:38.628000Z
current,0.0,0.0,0.0,0.0,0.0,0.0,0.0,0.0,,,,,,,2022-10-18T10:50:40.628000Z
current,0.0,0.0,0.0,0.0,0.0,0.0,0.0,0.0,,,,,,,2022-10-18T10:50:42.628000Z
current,0.0,0.0,0.0,0.0,0.0,0.0,0.0,0.0,,,,,,,2022-10-18T10:50:44.628000Z
current,0.0,0.0,0.0,0.0,0.0,0.0,0.0,0.0,,,,,,,2022-10-18T10:50:46.628000Z
current,0.0,0.0,0.0,0.0,0.0,0.0,0.0,0.0,,,,,,,2022-10-18T10:50:48.628000Z
current,0.0,0.0,0.0,0.0,0.0,0.0,0.0,0.0,,,,,,,2022-10-18T10:50:50.628000Z
current,0.0,0.0,0.0,0.0,0.0,0.0,0.0,0.0,,,,,,,2022-10-18T10:50:52.628000Z
current,0.0,0.0,0.0,0.0,0.0,0.0,0.0,0.0,,,,,,,2022-10-18T10:50:54.628000Z
current,0.0,0.0,0.0,0.0,0.0,0.0,0.0,0.0,,,,,,,2022-10-18T10:50:56.628000Z
current,0.0,0.0,0.0,0.0,0.0,0.0,0.0,0.0,,,,,,,2022-10-18T10:50:58.628000Z
current,0.0,0.0,0.0,0.0,0.0,0.0,0.0,0.0,,,,,,,2022-10-18T10:51:00.628000Z
current,0.0,0.0,0.0,0.0,0.0,0.0,0.0,0.0,,,,,,,2022-10-18T10:51:02.628000Z
current,0.0,0.0,0.0,0.0,0.0,0.0,0.0,0.0,,,,,,,2022-10-18T10:51:04.628000Z
current,0.0,0.0,0.0,0.0,0.0,0.0,0.0,0.0,,,,,,,2022-10-18T10:51:06.628000Z
current,0.0,0.0,0.0,0.0,0.0,0.0,0.0,0.0,,,,,,,2022-10-18T10:51:08.628000Z
current,0.0,0.0,0.0,0.0,0.0,0.0,0.0,0.0,,,,,,,2022-10-18T10:51:10.628000Z
current,0.0,0.0,0.0,0.0,0.0,0.0,0.0,0.0,,,,,,,2022-10-18T10:51:12.628000Z
current,0.0,0.0,0.0,0.0,0.0,0.0,0.0,0.0,,,,,,,2022-10-18T10:51:14.628000Z
current,0.0,0.0,0.0,0.0,0.0,0.0,0.0,0.0,,,,,,,2022-10-18T10:51:16.628000Z
current,0.0,0.0,0.0,0.0,0.0,0.0,0.0,0.0,,,,,,,2022-10-18T10:51:18.628000Z
current,0.0,0.0,0.0,0.0,0.0,0.0,0.0,0.0,,,,,,,2022-10-18T10:51:20.628000Z
current,0.0,0.0,0.0,0.0,0.0,0.0,0.0,0.0,,,,,,,2022-10-18T10:51:22.628000Z
current,0.0,0.0,0.0,0.0,0.0,0.0,0.0,0.0,,,,,,,2022-10-18T10:51:24.628000Z
current,0.0,0.0,0.0,0.0,0.0,0.0,0.0,0.0,,,,,,,2022-10-18T10:51:26.628000Z
current,0.0,0.0,0.0,0.0,0.0,0.0,0.0,0.0,,,,,,,2022-10-18T10:51:28.628000Z
current,0.0,0.0,0.0,0.0,0.0,0.0,0.0,0.0,,,,,,,2022-10-18T10:51:30.628000Z
current,0.0,0.0,0.0,0.0,0.0,0.0,0.0,0.0,,,,,,,2022-10-18T10:51:32.628000Z
current,0.0,0.0,0.0,0.0,0.0,0.0,0.0,0.0,,,,,,,2022-10-18T10:51:34.628000Z
current,0.0,0.0,0.0,0.0,0.0,0.0,0.0,0.0,,,,,,,2022-10-18T10:51:36.628000Z
current,0.7209876419100912,3.7020440952760256,2.686990040538181,0.6359419236720945,0.9579078526196714,0.6185999529182497,0.8925217940066208,0.10564942589213976,,,,,,,2022-10-18T10:51:38.628000Z
current,9.303312218214744,27.412743174610142,21.515805380834102,6.768495750581316,8.25358495522467,8.297745068465572,9.181115206989993,2.0960703229723396,,,,,,,2022-10-18T10:51:40.628000Z
current,9.303311982869031,27.41274756301698,21.515804225396913,6.7684965285882095,8.253585122848227,8.297746017356666,9.181116314427223,2.0960704929721143,,,,,,,2022-10-18T10:51:42.628000Z
current,9.303311747523317,27.412751951423814,21.51580306995972,6.768497306595102,8.253585290471785,8.297746966247761,9.181117421864455,2.0960706629718895,,,,,,,2022-10-18T10:51:44.628000Z
current,9.303311512177604,27.41275633983065,21.515801914522527,6.768498084601995,8.253585458095342,8.297747915138855,9.181118529301685,2.096070832971664,,,,,,,2022-10-18T10:51:46.628000Z
current,9.303311276831892,27.412760728237483,21.515800759085337,6.7684988626088884,8.2535856257189,8.297748864029948,9.181119636738917,2.0960710029714393,,,,,,,2022-10-18T10:51:48.628000Z
current,9.303311041486177,27.41276511664432,21.515799603648144,6.768499640615781,8.253585793342458,8.297749812921044,9.181120744176146,2.096071172971214,,,,,,,2022-10-18T10:51:50.628000Z
current,9.303310806140464,27.412769505051152,21.51579844821095,6.768500418622674,8.253585960966015,8.297750761812138,9.181121851613378,2.096071342970989,,,,,,,2022-10-18T10:51:52.628000Z
current,9.30331057079475,27.412773893457988,21.515797292773758,6.768501196629567,8.253586128589573,8.297751710703231,9.181122959050608,2.096071512970764,,,,,,,2022-10-18T10:51:54.628000Z
current,9.303310335449037,27.412778281864824,21.515796137336565,6.76850197463646,8.25358629621313,8.297752659594327,9.18112406648784,2.096071682970539,,,,,,,2022-10-18T10:51:56.628000Z
current,9.303310100103324,27.412782670271657,21.515794981899376,6.768502752643353,8.253586463836688,8.29775360848542,9.18112517392507,2.0960718529703137,,,,,,,2022-10-18T10:51:58.628000Z
current,9.30330986475761,27.412787058678493,21.515793826462183,6.768503530650246,8.253586631460246,8.297754557376516,9.181126281362301,2.096072022970089,,,,,,,2022-10-18T10:52:00.628000Z
current,0.7209848177615306,3.7020967561580442,2.686976175291876,0.6359512597548098,0.9579098641023641,0.6186113396113823,0.8925350832533909,0.10565146588943879,,,,,,,2022-10-18T10:52:02.628000Z
current,0.0,0.0,0.0,0.0,0.0,0.0,0.0,0.0,,,,,,,2022-10-18T10:52:04.628000Z
current,0.0,0.0,0.0,0.0,0.0,0.0,0.0,0.0,,,,,,,2022-10-18T10:52:06.628000Z
current,0.0,0.0,0.0,0.0,0.0,0.0,0.0,0.0,,,,,,,2022-10-18T10:52:08.628000Z
current,0.0,0.0,0.0,0.0,0.0,0.0,0.0,0.0,,,,,,,2022-10-18T10:52:10.628000Z
current,0.0,0.0,0.0,0.0,0.0,0.0,0.0,0.0,,,,,,,2022-10-18T10:52:12.628000Z
current,0.0,0.0,0.0,0.0,0.0,0.0,0.0,0.0,,,,,,,2022-10-18T10:52:14.628000Z
current,0.0,0.0,0.0,0.0,0.0,0.0,0.0,0.0,,,,,,,2022-10-18T10:52:16.628000Z
current,0.0,0.0,0.0,0.0,0.0,0.0,0.0,0.0,,,,,,,2022-10-18T10:52:18.628000Z
current,0.0,0.0,0.0,0.0,0.0,0.0,0.0,0.0,,,,,,,2022-10-18T10:52:20.628000Z
current,0.0,0.0,0.0,0.0,0.0,0.0,0.0,0.0,,,,,,,2022-10-18T10:52:22.628000Z
current,0.0,0.0,0.0,0.0,0.0,0.0,0.0,0.0,,,,,,,2022-10-18T10:52:24.628000Z
current,0.0,0.0,0.0,0.0,0.0,0.0,0.0,0.0,,,,,,,2022-10-18T10:52:26.628000Z
current,0.0,0.0,0.0,0.0,0.0,0.0,0.0,0.0,,,,,,,2022-10-18T10:52:28.628000Z
current,0.0,0.0,0.0,0.0,0.0,0.0,0.0,0.0,,,,,,,2022-10-18T10:52:30.628000Z
current,0.0,0.0,0.0,0.0,0.0,0.0,0.0,0.0,,,,,,,2022-10-18T10:52:32.628000Z
current,0.0,0.0,0.0,0.0,0.0,0.0,0.0,0.0,,,,,,,2022-10-18T10:52:34.628000Z
current,0.0,0.0,0.0,0.0,0.0,0.0,0.0,0.0,,,,,,,2022-10-18T10:52:36.628000Z
current,0.0,0.0,0.0,0.0,0.0,0.0,0.0,0.0,,,,,,,2022-10-18T10:52:38.628000Z
current,0.0,0.0,0.0,0.0,0.0,0.0,0.0,0.0,,,,,,,2022-10-18T10:52:40.628000Z
current,0.0,0.0,0.0,0.0,0.0,0.0,0.0,0.0,,,,,,,2022-10-18T10:52:42.628000Z
current,0.0,0.0,0.0,0.0,0.0,0.0,0.0,0.0,,,,,,,2022-10-18T10:52:44.628000Z
current,0.0,0.0,0.0,0.0,0.0,0.0,0.0,0.0,,,,,,,2022-10-18T10:52:46.628000Z
current,0.0,0.0,0.0,0.0,0.0,0.0,0.0,0.0,,,,,,,2022-10-18T10:52:48.628000Z
current,0.0,0.0,0.0,0.0,0.0,0.0,0.0,0.0,,,,,,,2022-10-18T10:52:50.628000Z
current,0.0,0.0,0.0,0.0,0.0,0.0,0.0,0.0,,,,,,,2022-10-18T10:52:52.628000Z
current,0.0,0.0,0.0,0.0,0.0,0.0,0.0,0.0,,,,,,,2022-10-18T10:52:54.628000Z
current,0.0,0.0,0.0,0.0,0.0,0.0,0.0,0.0,,,,,,,2022-10-18T10:52:56.628000Z
current,0.0,0.0,0.0,0.0,0.0,0.0,0.0,0.0,,,,,,,2022-10-18T10:52:58.628000Z
current,0.0,0.0,0.0,0.0,0.0,0.0,0.0,0.0,,,,,,,2022-10-18T10:53:00.628000Z
current,0.0,0.0,0.0,0.0,0.0,0.0,0.0,0.0,,,,,,,2022-10-18T10:53:02.628000Z
current,0.0,0.0,0.0,0.0,0.0,0.0,0.0,0.0,,,,,,,2022-10-18T10:53:04.628000Z
current,0.0,0.0,0.0,0.0,0.0,0.0,0.0,0.0,,,,,,,2022-10-18T10:53:06.628000Z
current,0.0,0.0,0.0,0.0,0.0,0.0,0.0,0.0,,,,,,,2022-10-18T10:53:08.628000Z
current,0.0,0.0,0.0,0.0,0.0,0.0,0.0,0.0,,,,,,,2022-10-18T10:53:10.628000Z
current,0.0,0.0,0.0,0.0,0.0,0.0,0.0,0.0,,,,,,,2022-10-18T10:53:12.628000Z
current,0.0,0.0,0.0,0.0,0.0,0.0,0.0,0.0,,,,,,,2022-10-18T10:53:14.628000Z
current,0.0,0.0,0.0,0.0,0.0,0.0,0.0,0.0,,,,,,,2022-10-18T10:53:16.628000Z
current,0.0,0.0,0.0,0.0,0.0,0.0,0.0,0.0,,,,,,,2022-10-18T10:53:18.628000Z
current,0.0,0.0,0.0,0.0,0.0,0.0,0.0,0.0,,,,,,,2022-10-18T10:53:20.628000Z
current,0.0,0.0,0.0,0.0,0.0,0.0,0.0,0.0,,,,,,,2022-10-18T10:53:22.628000Z
current,0.0,0.0,0.0,0.0,0.0,0.0,0.0,0.0,,,,,,,2022-10-18T10:53:24.628000Z
current,0.0,0.0,0.0,0.0,0.0,0.0,0.0,0.0,,,,,,,2022-10-18T10:53:26.628000Z
current,0.0,0.0,0.0,0.0,0.0,0.0,0.0,0.0,,,,,,,2022-10-18T10:53:28.628000Z
current,0.0,0.0,0.0,0.0,0.0,0.0,0.0,0.0,,,,,,,2022-10-18T10:53:30.628000Z
current,21.89746718336358,12.914015996006269,4.525295082884467,3.3652395498152354,9.692008211982573,1.0717644048024535,0.057039610851381956,0.1769614759313982,,,,,,,2022-10-18T10:53:32.628000Z
current,2.8978239676567457,0.689856211137966,2.8179123133609387,1.7058534584078269,1.1870107110985442,2.7144904082480807,1.4780229152921247,0.20533526620478731,,,,,,,2022-10-18T10:53:34.628000Z
current,0.7001894452780869,7.807984772703014,0.7532937487240987,1.3085951289735573,0.8551023078202352,1.0333311018555844,7.4409792793664495,0.21361508518501365,,,,,,,2022-10-18T10:53:36.628000Z
current,1.2701043180917597,13.919673941296477,0.7939792859051263,0.6774473674543011,0.30636304382180796,0.5901235516749702,8.25904401719185,0.2085641772898302,,,,,,,2022-10-18T10:53:38.628000Z
current,0.38557949678577336,11.23733974834346,1.5350731604143604,1.9611448840242152,1.3596036037740147,0.4760137585608473,6.500645451925495,0.169155098672485,,,,,,,2022-10-18T10:53:40.628000Z
current,10.373697282817808,0.6321859643958772,11.471523219972571,1.8682725741168258,0.15911797708027997,0.41872599319842846,7.445634307367834,0.17855934834648646,,,,,,,2022-10-18T10:53:42.628000Z
current,0.3410838223013976,11.15058490460542,6.144669710883075,0.9637342316757593,3.272649110818129,0.8310775778027599,0.14563091780273357,0.1682063976764386,,,,,,,2022-10-18T10:53:44.628000Z
current,0.18785887681617497,14.762800431785688,7.433035555198068,2.5106851674444566,1.6723736108906784,0.2331071082631028,4.220232810683465,0.17398163816039383,,,,,,,2022-10-18T10:53:46.628000Z
current,1.3779316104700663,20.678101063818012,22.144222985212807,6.673806224536477,3.9560872400893627,5.227489114649749,0.5694184216788135,0.178100824151254,,,,,,,2022-10-18T10:53:48.628000Z
current,0.7766229963073119,9.771992245411338,12.135703962747783,1.686562393641861,1.7211298277123868,1.1557413026507282,3.598117823674186,2.988965338595218,,,,,,,2022-10-18T10:53:50.628000Z
current,0.21735305971366725,0.26078144471022396,5.285630815978064,3.9519488753863308,5.852248490699504,0.1550193735557013,1.5558002433775344,0.9289713551844851,,,,,,,2022-10-18T10:53:52.628000Z
current,0.1559294247816977,4.010885736028212,6.639216029045519,0.8472231338807287,0.7993493045160667,0.8469719190224845,0.750762991732034,0.07811309335038522,,,,,,,2022-10-18T10:53:54.628000Z
current,0.25476001279557364,0.0,0.0,0.0,0.0,0.0,0.0,0.0,,,,,,,2022-10-18T10:53:56.628000Z
current,0.0,0.0,0.0,0.0,0.0,0.0,0.0,0.0,,,,,,,2022-10-18T10:53:58.628000Z
current,0.0,0.0,0.0,0.0,0.0,0.0,0.0,0.0,,,,,,,2022-10-18T10:54:00.628000Z
current,0.0,0.0,0.0,0.0,0.0,0.0,0.0,0.0,,,,,,,2022-10-18T10:54:02.628000Z
current,0.0,0.0,0.0,0.0,0.0,0.0,0.0,0.0,,,,,,,2022-10-18T10:54:04.628000Z
current,0.0,0.0,0.0,0.0,0.0,0.0,0.0,0.0,,,,,,,2022-10-18T10:54:06.628000Z
current,0.0,0.0,0.0,0.0,0.0,0.0,0.0,0.0,,,,,,,2022-10-18T10:54:08.628000Z
current,0.0,0.0,0.0,0.7965736094993819,0.6428902587231021,0.4163967480748337,0.036387621868914234,0.05978165404397438,,,,,,,2022-10-18T10:54:10.628000Z
current,7.48740127324308,16.71894950216291,26.38150421889425,2.2929592191353367,4.075062871075766,2.7990975590113005,0.08374279201339964,0.06017121793123278,,,,,,,2022-10-18T10:54:12.628000Z
current,1.0164404558971947,8.692509738103139,0.10661496811001933,10.047347560785973,5.56634890533838,4.948506011106094,1.6492938565562678,0.06048883157954,,,,,,,2022-10-18T10:54:14.628000Z
current,3.710462760758591,12.032008226795531,3.1171304931581845,0.38874113248021835,3.629653039113699,0.2819969997183347,7.9488358474817,0.05712526750816062,,,,,,,2022-10-18T10:54:16.628000Z
current,0.10481227306968603,11.138668187956423,2.784968954556362,3.315798722870324,5.046024423625917,0.17922419141753324,5.475407693877731,0.057021306214505844,,,,,,,2022-10-18T10:54:18.628000Z
current,1.569166426701085,14.459078641711937,2.591169744821616,3.6652233026923797,9.501527169918438,1.7859570902506403,0.1554090262153125,0.059058110318694325,,,,,,,2022-10-18T10:54:20.628000Z
current,2.8609975747605323,0.3116895977808827,11.20817706631426,2.3251280282390177,1.5234911741087225,5.8866060771547435,0.34442495706831683,0.05859022351719239,,,,,,,2022-10-18T10:54:22.628000Z
current,1.490240905006739,23.561474270610287,15.74384727214902,1.1128644208105747,4.3773681366115795,1.2113168122115971,0.4383566955301701,0.05970914378703509,,,,,,,2022-10-18T10:54:24.628000Z
current,3.307981872922941,5.786069134834669,6.723836433263456,0.9477264393874141,1.0420154226664116,0.6512834107888185,8.168584551160473,0.05796096704991983,,,,,,,2022-10-18T10:54:26.628000Z
current,0.49854245751516574,11.449164444531014,6.597989147184477,0.02539767296813424,0.28587838897945617,0.07815802634276017,0.6662559421647366,0.05844681502055312,,,,,,,2022-10-18T10:54:28.628000Z
current,0.39007755957849816,10.81463803212503,24.922843626496864,4.459463845833716,1.0267542458490038,0.5258276568647602,1.419963568293316,0.03966251729140961,,,,,,,2022-10-18T10:54:30.628000Z
current,0.9823412037718624,17.91062711488972,6.443619854920853,0.864951341847598,0.23485286221253654,0.0,7.398740626593014,0.05833171672893074,,,,,,,2022-10-18T10:54:32.628000Z
current,2.0234613823154577,14.74444049713164,24.15107052232712,4.012703229271665,1.543699366672211,0.17903455969454315,7.67798243615726,0.05692884966009184,,,,,,,2022-10-18T10:54:34.628000Z
current,1.6846183984403567,30.143666885781325,9.79750314711058,1.1209018775830286,0.3295410622648488,5.131583097027205,2.202684856784843,0.07683404299444649,,,,,,,2022-10-18T10:54:36.628000Z
current,0.8788385658768894,19.049278620602923,19.62000906687953,5.2728600710909665,0.38706781936707285,0.7739997243044656,1.4882890927398786,1.227815044977898,,,,,,,2022-10-18T10:54:38.628000Z
current,0.0262874219888554,4.009324626032778,8.78269686730526,0.0750485233334854,0.9684141145574389,1.3146690232102896,0.5094253804478173,1.3355807405057358,,,,,,,2022-10-18T10:54:40.628000Z
current,9.421830335135382,4.89397841314458,2.7693848587988725,0.45738706911714777,0.7124674339911625,0.791199510100572,0.794156663925125,0.09673912530797253,,,,,,,2022-10-18T10:54:42.628000Z
current,0.22989982895501537,3.8920895039658907,6.694183893154521,0.750100236280112,0.0,0.0,0.0,0.0,,,,,,,2022-10-18T10:54:44.628000Z
current,0.0,0.0,0.0,0.0,0.0,0.0,0.0,0.0,,,,,,,2022-10-18T10:54:46.628000Z
current,0.0,0.0,0.0,0.0,0.0,0.0,0.0,0.0,,,,,,,2022-10-18T10:54:48.628000Z
current,0.0,0.0,0.0,0.0,0.0,0.0,0.0,0.0,,,,,,,2022-10-18T10:54:50.628000Z
current,0.0,0.0,0.0,0.0,0.0,0.0,0.0,0.0,,,,,,,2022-10-18T10:54:52.628000Z
current,0.0,0.0,0.0,0.0,0.0,0.0,0.0,0.0,,,,,,,2022-10-18T10:54:54.628000Z
current,0.0,0.0,0.0,0.0,0.0,0.0,0.0,0.0,,,,,,,2022-10-18T10:54:56.628000Z
current,0.7209641073387526,3.7024829359595115,2.6868744968189735,0.636019724361389,0.9579246149754435,0.6186948420276878,0.8926325377297049,0.10566642586963168,,,,,,,2022-10-18T10:54:58.628000Z
current,12.422291146804014,34.31247402065694,26.89226668111844,9.133347430830021,10.782195190648242,11.3296608335269,11.201795233067143,3.2589569930074833,,,,,,,2022-10-18T10:55:00.628000Z
current,12.422290911458301,34.31247840906377,26.89226552568125,9.133348208836914,10.7821953582718,11.329661782417995,11.201796340504375,3.2589571630072585,,,,,,,2022-10-18T10:55:02.628000Z
current,12.422290676112587,34.31248279747061,26.892264370244057,9.133348986843806,10.782195525895357,11.329662731309089,11.201797447941605,3.258957333007033,,,,,,,2022-10-18T10:55:04.628000Z
current,12.422290440766874,34.312487185877444,26.892263214806864,9.1333497648507,10.782195693518915,11.329663680200182,11.201798555378836,3.2589575030068083,,,,,,,2022-10-18T10:55:06.628000Z
current,12.422290205421161,34.31249157428428,26.89226205936967,9.133350542857592,10.782195861142473,11.329664629091278,11.201799662816066,3.258957673006583,,,,,,,2022-10-18T10:55:08.628000Z
current,12.422289970075447,34.312495962691116,26.89226090393248,9.133351320864485,10.78219602876603,11.329665577982372,11.201800770253298,3.258957843006358,,,,,,,2022-10-18T10:55:10.628000Z
current,12.422289734729734,34.31250035109795,26.892259748495288,9.133352098871379,10.782196196389588,11.329666526873467,11.201801877690528,3.258958013006133,,,,,,,2022-10-18T10:55:12.628000Z
current,12.42228949938402,34.31250473950478,26.892258593058095,9.133352876878272,10.782196364013146,11.32966747576456,11.20180298512776,3.258958183005908,,,,,,,2022-10-18T10:55:14.628000Z
current,12.422289264038307,34.31250912791162,26.892257437620906,9.133353654885164,10.782196531636703,11.329668424655654,11.201804092564991,3.2589583530056827,,,,,,,2022-10-18T10:55:16.628000Z
current,12.422289028692594,34.312513516318454,26.892256282183713,9.133354432892057,10.782196699260261,11.32966937354675,11.201805200002221,3.258958523005458,,,,,,,2022-10-18T10:55:18.628000Z
current,12.42228879334688,34.31251790472529,26.89225512674652,9.13335521089895,10.782196866883819,11.329670322437844,11.201806307439453,3.2589586930052326,,,,,,,2022-10-18T10:55:20.628000Z
current,0.720961283190192,3.7025355968415297,2.6868606315726686,0.6360290604441043,0.9579266264581362,0.6187062287208204,0.8926458269764749,0.10566846586693071,,,,,,,2022-10-18T10:55:22.628000Z
current,2.139988703005557,28.434588720350067,1.8232601754070357,2.729993268384069,3.84414269775354,0.6963649309857954,8.117191073093716,0.0807494672145355,,,,,,,2022-10-18T10:55:24.628000Z
current,0.45135900943238866,11.131109838011206,3.525406243052617,0.38997331933756546,4.613863484485563,1.40657924404952,0.5424119137149527,0.0781654653388981,,,,,,,2022-10-18T10:55:26.628000Z
current,1.872767133851623,22.583190968152994,3.313266544881088,14.141750321385489,1.1667027304000959,0.6910328138131928,0.10425315136547451,0.07968907569897711,,,,,,,2022-10-18T10:55:28.628000Z
current,2.0756739054520565,10.351266533495988,14.267591433105181,0.9820475841777656,1.6796771275898614,2.3357528668453735,0.37416110218952936,0.05990926281301558,,,,,,,2022-10-18T10:55:30.628000Z
current,0.18145806057539746,12.7913882528071,7.055388741321672,0.05082918271685907,0.5588835523479386,0.8593002073145162,2.1124000513762526,0.058032415579384974,,,,,,,2022-10-18T10:55:32.628000Z
current,0.22785998543175842,11.683197347354168,7.425735710035258,0.2530826601189492,0.7068545607359377,0.9505164873741644,1.0204015842448682,0.06036314831990442,,,,,,,2022-10-18T10:55:34.628000Z
current,6.123657034204339,10.079988009923323,7.961844059977279,0.7153121575165103,0.18362908303288134,1.175566467439785,1.0792569231168507,0.05799566602735946,,,,,,,2022-10-18T10:55:36.628000Z
current,0.0,24.291981028770262,10.53243623146267,2.969457659970084,2.21313535854956,0.7039917006047844,0.2699596734153505,0.058370008027536446,,,,,,,2022-10-18T10:55:38.628000Z
current,0.1308560088683786,12.246579151267602,6.755282210536545,0.07885244424340893,0.12602196365239582,0.30315182595369605,2.6919382627697375,0.057904437552461094,,,,,,,2022-10-18T10:55:40.628000Z
current,0.37224534475982896,16.321874782356073,7.988306618583522,4.085249179864526,4.8737780863336635,1.5302138195064268,0.06063780583038339,0.06076618360909921,,,,,,,2022-10-18T10:55:42.628000Z
current,2.436361861752033,7.331372273221986,5.901442021510787,0.8363262729535212,0.12749304609339265,0.025628948797812738,7.632495871125181,0.07950376234647621,,,,,,,2022-10-18T10:55:44.628000Z
current,2.98103596326183,13.148407661939125,24.240547171300616,4.08971531581817,2.106366537150895,0.17608003714559825,7.6850468062822905,0.07995413037488357,,,,,,,2022-10-18T10:55:46.628000Z
current,3.7735539512297263,20.05420084422368,11.719539654633188,0.8839344189011147,0.3310973551668386,5.864145031811023,0.25977630224273257,0.10113130249646794,,,,,,,2022-10-18T10:55:48.628000Z
current,0.7584617938777691,10.818324448542784,8.9808806903137,0.15703983237722943,2.0778046927188596,0.5583886088620104,2.8650707453031585,1.340295165401982,,,,,,,2022-10-18T10:55:50.628000Z
current,0.12829938483683917,3.736812425886732,6.179342765755319,0.05158822234621158,1.3602268793839831,0.8026051425069826,3.114926308379679,1.5141633410453028,,,,,,,2022-10-18T10:55:52.628000Z
current,0.10276550834702654,4.029303589690363,16.063857543558274,4.2871665066369715,1.7520322549444567,3.4810341663184547,0.7360756855610812,0.13579845790003378,,,,,,,2022-10-18T10:55:54.628000Z
current,0.18826963563640384,3.873057591769054,6.875371907498435,0.7165812568784938,0.7820847735964048,0.764012232697551,0.0,0.0,,,,,,,2022-10-18T10:55:56.628000Z
current,0.0,0.0,0.0,0.0,0.0,0.0,0.0,0.0,,,,,,,2022-10-18T10:55:58.628000Z
current,0.0,0.0,0.0,0.0,0.0,0.0,0.0,0.0,,,,,,,2022-10-18T10:56:00.628000Z
current,0.0,0.0,0.0,0.0,0.0,0.0,0.0,0.0,,,,,,,2022-10-18T10:56:02.628000Z
current,0.0,0.0,0.0,0.0,0.0,0.0,0.0,0.0,,,,,,,2022-10-18T10:56:04.628000Z
current,0.0,0.0,0.0,0.0,0.0,0.0,0.0,0.0,,,,,,,2022-10-18T10:56:06.628000Z
current,0.0,0.0,0.0,0.0,0.0,0.0,0.0,0.0,,,,,,,2022-10-18T10:56:08.628000Z
current,0.0,0.0,0.0,0.0,0.0,0.0,0.0,0.0,,,,,,,2022-10-18T10:56:10.628000Z
current,0.4404317559804228,9.532080633249468,4.9933146931478785,0.7943221201823775,1.0504013149417957,11.597771335808028,0.045821095139450686,0.09860506282448876,,,,,,,2022-10-18T10:56:12.628000Z
current,2.6114101069953373,17.13239891641423,7.34372948284933,10.761708709142262,1.955124603829036,6.02966356961101,0.47958277772434,0.0997256074617966,,,,,,,2022-10-18T10:56:14.628000Z
current,1.0943194706190338,13.024964775638908,5.16877363566325,0.3281669646426767,4.7725676514986395,0.2906363526462396,7.940156308428845,0.10265670271844893,,,,,,,2022-10-18T10:56:16.628000Z
current,0.36823959902331005,11.624811731888046,2.669591561564805,2.1982796734968963,5.216742469918142,0.6578031790452997,8.313238155993675,0.09897095652339562,,,,,,,2022-10-18T10:56:18.628000Z
current,0.5733451874125967,11.19896704488109,3.6542096420907453,0.4267646649161218,4.600215817298411,0.02581335364005444,1.195658166992051,0.11137320885880192,,,,,,,2022-10-18T10:56:20.628000Z
current,1.3738867923802816,41.54559638332069,6.579415289720752,1.3199264102733823,19.406279155821025,0.206267497170775,0.07165866116189559,0.1219007180798456,,,,,,,2022-10-18T10:56:22.628000Z
current,0.2897205714013117,1.5236387691961122,25.6119386052443,0.2110666142765757,1.3061860150635194,2.527509379058879,0.5934512208104625,0.09567866238640096,,,,,,,2022-10-18T10:56:24.628000Z
current,0.7304261723811357,20.110670531443557,6.806997351547098,0.0,0.7541517462062879,0.9067811495293271,8.112933449265086,0.13925095192489348,,,,,,,2022-10-18T10:56:26.628000Z
current,0.3452706102850973,11.85698543592868,6.006970807767777,1.140688328341598,3.2122625119983974,0.10096897799934801,0.023718728473379008,0.13776542429617833,,,,,,,2022-10-18T10:56:28.628000Z
current,4.115371109136418,10.731810857030618,14.538481502002595,0.5615214585650422,0.5894554072826438,0.4648953288550178,8.308245460965399,0.13447672312753528,,,,,,,2022-10-18T10:56:30.628000Z
current,1.1945664978581227,16.67580843231965,6.940842863114157,2.208324984271256,0.8230640025996316,0.12723230316564144,7.315346952761403,0.1328490116307038,,,,,,,2022-10-18T10:56:32.628000Z
current,0.3043812290647262,24.784476860146636,8.027821062234324,1.3720960304880023,5.488835020025703,0.7030804232050584,0.0,0.14287573358006578,,,,,,,2022-10-18T10:56:34.628000Z
current,0.29062318773833884,10.75560672462335,6.400022736743494,2.2907697948431642,3.598080623551217,1.0193191355518785,0.7467620838725484,0.11780735975614262,,,,,,,2022-10-18T10:56:36.628000Z
current,12.657773793647165,1.7174451988892399,9.230014673174962,1.870965779885852,1.8552357317004953,1.363565990428223,0.7418433406219238,0.11599337085984332,,,,,,,2022-10-18T10:56:38.628000Z
current,4.826392784074572,4.026469966066351,6.309048419850689,0.20212757577244783,1.54978119933283,0.38899554667862685,3.5840222104023503,3.4436393335516344,,,,,,,2022-10-18T10:56:40.628000Z
current,4.733699363181091,2.6560512467935413,11.467714917179219,0.4751749861489769,1.153949009150653,0.07561714211360203,0.17929603982344824,0.17825613960192943,,,,,,,2022-10-18T10:56:42.628000Z
current,0.26786346535186356,4.001208412649526,6.730279877486298,0.789350498431137,0.7901114614724886,0.768587190112205,0.7042095895492436,0.13950176793163593,,,,,,,2022-10-18T10:56:44.628000Z
current,0.0,0.0,0.0,0.0,0.0,0.0,0.0,0.0,,,,,,,2022-10-18T10:56:46.628000Z
current,0.0,0.0,0.0,0.0,0.0,0.0,0.0,0.0,,,,,,,2022-10-18T10:56:48.628000Z
current,0.0,0.0,0.0,0.0,0.0,0.0,0.0,0.0,,,,,,,2022-10-18T10:56:50.628000Z
current,0.0,0.0,0.0,0.0,0.0,0.0,0.0,0.0,,,,,,,2022-10-18T10:56:52.628000Z
current,0.0,0.0,0.0,0.0,0.0,0.0,0.0,0.0,,,,,,,2022-10-18T10:56:54.628000Z
current,0.0,0.0,0.0,0.0,0.0,0.0,0.0,0.0,,,,,,,2022-10-18T10:56:56.628000Z
current,0.0,0.0,0.0,0.0,0.0,0.0,0.0,0.0,,,,,,,2022-10-18T10:56:58.628000Z
current,0.0,0.0,0.0,0.0,0.0,0.0,0.0,0.0,,,,,,,2022-10-18T10:57:00.628000Z
current,0.0,0.0,0.0,0.0,0.0,0.0,0.0,0.0,,,,,,,2022-10-18T10:57:02.628000Z
current,0.0,0.0,0.0,0.0,0.0,0.0,0.0,0.0,,,,,,,2022-10-18T10:57:04.628000Z
current,0.0,0.0,0.0,0.0,0.0,0.0,0.0,0.0,,,,,,,2022-10-18T10:57:06.628000Z
current,0.0,0.0,0.0,0.0,0.0,0.0,0.0,0.0,,,,,,,2022-10-18T10:57:08.628000Z
current,0.0,0.0,0.0,0.0,0.0,0.0,0.0,0.0,,,,,,,2022-10-18T10:57:10.628000Z
current,0.0,0.0,0.0,0.0,0.0,0.0,0.0,0.0,,,,,,,2022-10-18T10:57:12.628000Z
current,0.0,0.0,0.0,0.0,0.0,0.0,0.0,0.0,,,,,,,2022-10-18T10:57:14.628000Z
current,0.0,0.0,0.0,0.0,0.0,0.0,0.0,0.0,,,,,,,2022-10-18T10:57:16.628000Z
current,0.0,0.0,0.0,0.0,0.0,0.0,0.0,0.0,,,,,,,2022-10-18T10:57:18.628000Z
current,0.0,0.0,0.0,0.0,0.0,0.0,0.0,0.0,,,,,,,2022-10-18T10:57:20.628000Z
current,0.0,0.0,0.0,0.0,0.0,0.0,0.0,0.0,,,,,,,2022-10-18T10:57:22.628000Z
current,0.0,0.0,0.0,0.0,0.0,0.0,0.0,0.0,,,,,,,2022-10-18T10:57:24.628000Z
current,0.0,0.0,0.0,0.0,0.0,0.0,0.0,0.0,,,,,,,2022-10-18T10:57:26.628000Z
current,0.0,0.0,0.0,0.0,0.0,0.0,0.0,0.0,,,,,,,2022-10-18T10:57:28.628000Z
current,0.0,0.0,0.0,0.0,0.0,0.0,0.0,0.0,,,,,,,2022-10-18T10:57:30.628000Z
current,0.0,0.0,0.0,0.0,0.0,0.0,0.0,0.0,,,,,,,2022-10-18T10:57:32.628000Z
current,0.0,0.0,0.0,0.0,0.0,0.0,0.0,0.0,,,,,,,2022-10-18T10:57:34.628000Z
current,0.0,0.0,0.0,0.0,0.0,0.0,0.0,0.0,,,,,,,2022-10-18T10:57:36.628000Z
current,0.0,0.0,0.0,0.0,0.0,0.0,0.0,0.0,,,,,,,2022-10-18T10:57:38.628000Z
current,0.0,0.0,0.0,0.0,0.0,0.0,0.0,0.0,,,,,,,2022-10-18T10:57:40.628000Z
current,0.0,0.0,0.0,0.0,0.0,0.0,0.0,0.0,,,,,,,2022-10-18T10:57:42.628000Z
current,0.0,0.0,0.0,0.0,0.0,0.0,0.0,0.0,,,,,,,2022-10-18T10:57:44.628000Z
current,0.0,0.0,0.0,0.0,0.0,0.0,0.0,0.0,,,,,,,2022-10-18T10:57:46.628000Z
current,3.098271929770403,3.910619911636082,9.801336874826763,0.05082702813880177,11.15546466365953,0.724968473790401,3.149834902564826,0.9988528042929854,,,,,,,2022-10-18T10:57:48.628000Z
current,4.798490715452628,3.083992723320726,6.922072778286914,0.8174375315478714,0.8354283620887676,0.8928143199812025,0.7857015926768933,0.11585096668318173,,,,,,,2022-10-18T10:57:50.628000Z
current,0.28986031508290716,4.104510840098191,0.0,0.0,0.0,0.0,0.0,0.0,,,,,,,2022-10-18T10:57:52.628000Z
current,0.0,0.0,0.0,0.0,0.0,0.0,0.0,0.0,,,,,,,2022-10-18T10:57:54.628000Z
current,0.0,0.0,0.0,0.0,0.0,0.0,0.0,0.0,,,,,,,2022-10-18T10:57:56.628000Z
current,0.0,0.0,0.0,0.0,0.0,0.0,0.0,0.0,,,,,,,2022-10-18T10:57:58.628000Z
current,0.0,0.0,0.0,0.0,0.0,0.0,0.0,0.0,,,,,,,2022-10-18T10:58:00.628000Z
current,0.0,0.0,0.0,0.0,0.0,0.0,0.0,0.0,,,,,,,2022-10-18T10:58:02.628000Z
current,0.0,0.0,0.0,0.0,0.0,0.0,0.0,0.0,,,,,,,2022-10-18T10:58:04.628000Z
current,0.0,0.0,0.0,0.0,0.0,0.0,0.0,0.0,,,,,,,2022-10-18T10:58:06.628000Z
current,0.0,0.0,0.0,0.0,0.0,0.0,0.0,0.0,,,,,,,2022-10-18T10:58:08.628000Z
current,0.0,0.0,0.0,0.0,0.0,0.0,0.0,0.0,,,,,,,2022-10-18T10:58:10.628000Z
current,0.0,0.0,0.0,0.0,0.0,0.0,0.0,0.0,,,,,,,2022-10-18T10:58:12.628000Z
current,0.0,0.0,0.0,0.0,0.0,0.0,0.0,0.0,,,,,,,2022-10-18T10:58:14.628000Z
current,0.0,0.0,0.0,0.0,0.0,0.0,0.0,0.0,,,,,,,2022-10-18T10:58:16.628000Z
current,0.7209405727674141,3.7029217766429974,2.686758953099766,0.6360975250506836,0.9579413773312155,0.6187897311371259,0.8927432814527889,0.10568342584712362,,,,,,,2022-10-18T10:58:18.628000Z
current,12.422267612232675,34.31291286134043,26.89215113739923,9.133425231519315,10.782211953004014,11.329755722636339,11.201905976790227,3.2589739929849753,,,,,,,2022-10-18T10:58:20.628000Z
current,12.422267376886962,34.31291724974726,26.892149981962042,9.133426009526207,10.782212120627571,11.329756671527432,11.201907084227459,3.2589741629847504,,,,,,,2022-10-18T10:58:22.628000Z
current,12.42226714154125,34.312921638154094,26.89214882652485,9.133426787533102,10.782212288251129,11.329757620418526,11.201908191664689,3.258974332984525,,,,,,,2022-10-18T10:58:24.628000Z
current,12.422266906195535,34.31292602656093,26.892147671087656,9.133427565539995,10.782212455874687,11.329758569309622,11.20190929910192,3.2589745029843002,,,,,,,2022-10-18T10:58:26.628000Z
current,12.422265964812683,34.31294358018827,26.892143049338888,9.133430677567565,10.782213126368918,11.329762364873998,11.201913728850844,3.2589751829834,,,,,,,2022-10-18T10:58:34.628000Z
current,12.422265729466968,34.312947968595104,26.892141893901695,9.133431455574458,10.782213293992475,11.329763313765094,11.201914836288074,3.2589753529831746,,,,,,,2022-10-18T10:58:36.628000Z
current,12.422265494121255,34.31295235700194,26.892140738464505,9.133432233581352,10.782213461616033,11.329764262656187,11.201915943725306,3.25897552298295,,,,,,,2022-10-18T10:58:38.628000Z
current,12.42226525877554,34.312956745408776,26.892139583027312,9.133433011588245,10.78221362923959,11.329765211547281,11.201917051162535,3.2589756929827245,,,,,,,2022-10-18T10:58:40.628000Z
current,0.7209377486188534,3.7029744375250155,2.6867450878534607,0.6361068611333989,0.9579433888139083,0.6188011178302585,0.8927565706995589,0.10568546584442265,,,,,,,2022-10-18T10:58:42.628000Z
current,0.8623778822533765,2.8267389341976124,8.976948794821565,2.611688648508536,9.168678564858434,1.1730922491915907,0.11970296334674169,0.07807850014785779,,,,,,,2022-10-18T10:58:44.628000Z
current,7.202936462850501,11.739966014349138,2.7644100437116763,0.075105751130776,4.2216532089764325,0.1053081687418011,8.149960475412115,0.07977229292490867,,,,,,,2022-10-18T10:58:46.628000Z
current,7.252866114272871,42.6738340009914,12.371319568966866,13.17982959598964,2.2211721562610807,0.1604563234501003,0.03509262789296439,0.08096070402629914,,,,,,,2022-10-18T10:58:48.628000Z
current,0.3306926347863037,1.9155836393420744,5.994187429334665,1.8535169222111698,2.9141147765621715,2.786925981862102,0.32814738550485684,0.07714257885475002,,,,,,,2022-10-18T10:58:50.628000Z
current,1.8087028782959607,18.549739550836488,13.64264104065477,0.10404953030914893,0.9541477743598203,0.8747268905713017,7.9936490170498535,0.03818431681136606,,,,,,,2022-10-18T10:58:52.628000Z
current,0.20949436659337298,12.197325599676617,7.084941113853072,0.8905526369812693,0.5115384501188679,0.537122441000575,0.381307670404668,0.05967094527599053,,,,,,,2022-10-18T10:58:54.628000Z
current,0.36577682003691464,18.924530936420084,7.391017702931606,0.05058125766477743,1.0341572579890759,0.4047603317159844,8.110842420614086,0.059364239540702544,,,,,,,2022-10-18T10:58:56.628000Z
current,2.25768564110234,2.0537452636415394,2.276028015781603,2.2913689847151546,0.8451307362065686,0.12736836171610433,7.747419386716457,0.0596276843711397,,,,,,,2022-10-18T10:58:58.628000Z
current,0.4045858749631478,10.661866633280791,2.8480087740002245,1.2358033213841741,3.068000258774016,1.443718710506412,0.3199439661053603,0.058591420193658664,,,,,,,2022-10-18T10:59:00.628000Z
current,0.31626788870947203,11.163910770739067,6.655660096344628,2.4373054797581,1.6832579434971606,0.8416534764011883,0.3661800739430277,0.07761916005563145,,,,,,,2022-10-18T10:59:02.628000Z
current,2.8396393447804313,6.904163551908494,13.298541803846646,1.7101018574668154,2.209966962593839,1.7570900601084016,0.6487865587387991,0.056896366038110435,,,,,,,2022-10-18T10:59:04.628000Z
current,5.080360124064085,6.573676980205965,6.726039872284607,0.3078770275220262,1.5208828134311043,0.553681260051162,3.56226786512145,4.065828219415533,,,,,,,2022-10-18T10:59:06.628000Z
current,2.3252089662169824,4.183629822278289,6.638559894333631,0.026334722686117966,1.7229297162170014,0.10226289158381988,3.213829228037916,0.21656841760854048,,,,,,,2022-10-18T10:59:08.628000Z
current,0.32803535320144817,4.118682452280326,6.904710326279605,0.7580917266325522,0.7879714291893405,0.7361650322391559,0.6077987911106776,0.15187884564561502,,,,,,,2022-10-18T10:59:10.628000Z
current,0.0,0.0,0.0,0.0,0.0,0.0,0.0,0.0,,,,,,,2022-10-18T10:59:12.628000Z
current,0.0,0.0,0.0,0.0,0.0,0.0,0.0,0.0,,,,,,,2022-10-18T10:59:14.628000Z
current,0.0,0.0,0.0,0.0,0.0,0.0,0.0,0.0,,,,,,,2022-10-18T10:59:16.628000Z
current,0.0,0.0,0.0,0.0,0.0,0.0,0.0,0.0,,,,,,,2022-10-18T10:59:18.628000Z
current,0.0,0.0,0.0,0.0,0.0,0.0,0.0,0.0,,,,,,,2022-10-18T10:59:20.628000Z
current,0.0,0.0,0.0,0.0,0.0,0.0,0.0,0.0,,,,,,,2022-10-18T10:59:22.628000Z
current,0.0,0.0,0.0,0.0,0.0,0.0,0.0,0.0,,,,,,,2022-10-18T10:59:24.628000Z
current,0.0,0.0,0.0,0.0,0.0,0.0,0.0,0.0,,,,,,,2022-10-18T10:59:26.628000Z
current,0.0,0.0,0.0,0.0,0.0,0.0,0.0,0.0,,,,,,,2022-10-18T10:59:28.628000Z
current,0.0,0.0,0.0,0.0,0.0,0.0,0.0,0.0,,,,,,,2022-10-18T10:59:30.628000Z
current,0.0,0.0,0.0,0.0,0.0,0.0,0.0,0.0,,,,,,,2022-10-18T10:59:32.628000Z
current,0.43177668027143706,4.530834552831172,6.043603869367482,1.901463932648838,0.7649617338294759,3.9080994237274433,0.08317937494951318,0.1211692743128045,,,,,,,2022-10-18T10:59:34.628000Z
current,2.6826940613790384,16.414284339613904,3.575463870131115,9.41556378497134,1.0532497536624967,11.61905078402918,0.4427998222306784,0.11605463857649055,,,,,,,2022-10-18T10:59:36.628000Z
current,0.550461624520784,7.007943637346407,2.8111377039419176,2.5114391787294497,5.638318726681157,0.3366946578703483,8.11576739238308,0.0973447189591259,,,,,,,2022-10-18T10:59:38.628000Z
current,0.2640168774658043,11.278220062865463,3.3564951117187913,0.8411698240165947,3.926604134680935,0.5602194838717244,1.287769651354636,0.09915535643033868,,,,,,,2022-10-18T10:59:40.628000Z
current,10.005052601928432,9.988390275566475,4.402174026928789,1.0007515494389387,4.554306809865114,0.026398307757552926,7.90157626965492,0.09789636441332418,,,,,,,2022-10-18T10:59:42.628000Z
current,15.876087827187282,37.89046767052789,10.191375704900624,1.1630667286830703,10.37659299845953,0.17675500532333932,0.04729906658929681,0.09804507277507017,,,,,,,2022-10-18T10:59:44.628000Z
current,0.2594923163439004,1.508780528565799,6.345172825948176,1.9218874438830602,1.2315453738988154,6.719627537653244,0.5184262670488101,0.07934317888277935,,,,,,,2022-10-18T10:59:46.628000Z
current,1.0767751921119593,14.894039305454974,3.470006992903592,1.446535405617424,2.920337259990993,1.0732644069154385,7.770342623655903,0.07826370149175668,,,,,,,2022-10-18T10:59:48.628000Z
current,0.2111463760184544,10.910838115504577,14.459845323827787,3.050404332994362,1.5037285765970845,0.7090274901024562,0.8154121573633295,0.07769700598011886,,,,,,,2022-10-18T10:59:50.628000Z
current,0.18256495442368084,11.073085748411732,7.174280151131659,0.7648211451983598,0.2582603026442545,0.0,0.9486175980193747,0.0999473751289914,,,,,,,2022-10-18T10:59:52.628000Z
current,0.8191040101415028,9.494899578001812,0.48438864903214435,3.286726656518973,1.814550290415973,0.18401705182143024,7.490385985093737,0.07421845945470068,,,,,,,2022-10-18T10:59:54.628000Z
current,3.6425104302315945,49.46821249886871,0.6357588121137833,0.6489233634568237,0.8374380862854959,5.702631392361215,0.5916302112717374,0.05786383931343716,,,,,,,2022-10-18T10:59:56.628000Z
current,5.144738766239435,1.6462685764152523,1.8846290265542596,1.426732733004043,1.7750441007553455,0.9656068312254668,0.5965993762589993,1.2600316261630424,,,,,,,2022-10-18T10:59:58.628000Z
current,0.025935802154118965,3.643128674424125,8.280097138247353,0.08078542028406628,0.8158773811761545,1.322126082475274,0.15198989508768102,1.2451416608856158,,,,,,,2022-10-18T11:00:00.628000Z
current,9.110601572273945,2.6220148370664744,5.5769881333722084,0.2732588964731202,0.7673488492468716,0.8557539866188362,0.8263838863186966,0.1398319317884527,,,,,,,2022-10-18T11:00:02.628000Z
current,0.25859299832971877,4.112838388584465,6.739271475651586,0.7659472551429669,0.0,0.0,0.0,0.0,,,,,,,2022-10-18T11:00:04.628000Z
