run_id,event_id,axis,severity,threshold,start,triggered_at,end,duration_seconds,peak_residual,status,close_reason
development_seed42_controlled_v1,1,j1,Alert,6.527079373472573,2022-10-18 10:51:40.628000+00:00,2022-10-18 10:51:48.628000+00:00,2022-10-18 10:52:00.628000+00:00,20.0,8.582324811650366,closed,below_threshold
development_seed42_controlled_v1,2,j2,Alert,19.59412874886312,2022-10-18 10:51:40.628000+00:00,2022-10-18 10:51:48.628000+00:00,2022-10-18 10:52:00.628000+00:00,20.0,23.710694690927284,closed,below_threshold
development_seed42_controlled_v1,3,j3,Alert,15.652729955341993,2022-10-18 10:51:40.628000+00:00,2022-10-18 10:51:48.628000+00:00,2022-10-18 10:52:00.628000+00:00,20.0,18.828816495733115,closed,below_threshold
development_seed42_controlled_v1,4,j4,Alert,4.540263435566712,2022-10-18 10:51:40.628000+00:00,2022-10-18 10:51:48.628000+00:00,2022-10-18 10:52:00.628000+00:00,20.0,6.132553048902329,closed,below_threshold
development_seed42_controlled_v1,5,j5,Alert,5.66019895355448,2022-10-18 10:51:40.628000+00:00,2022-10-18 10:51:48.628000+00:00,2022-10-18 10:52:00.628000+00:00,20.0,7.29567693498144,closed,below_threshold
development_seed42_controlled_v1,6,j6,Alert,5.621047385486893,2022-10-18 10:51:40.628000+00:00,2022-10-18 10:51:48.628000+00:00,2022-10-18 10:52:00.628000+00:00,20.0,7.679144166656228,closed,below_threshold
development_seed42_controlled_v1,7,j7,Alert,7.205219531183001,2022-10-18 10:51:40.628000+00:00,2022-10-18 10:51:48.628000+00:00,2022-10-18 10:52:00.628000+00:00,20.0,7.216209077626572,closed,below_threshold
development_seed42_controlled_v1,8,j8,Alert,1.1142138203989616,2022-10-18 10:51:40.628000+00:00,2022-10-18 10:51:48.628000+00:00,2022-10-18 10:52:00.628000+00:00,20.0,1.990420727080425,closed,below_threshold
development_seed42_controlled_v1,9,j1,Alert,6.527079373472573,2022-10-18 10:55:00.628000+00:00,2022-10-18 10:55:08.628000+00:00,2022-10-18 10:55:20.628000+00:00,20.0,11.701327274810975,closed,below_threshold
development_seed42_controlled_v1,10,j1,Error,10.637570249828158,2022-10-18 10:55:00.628000+00:00,2022-10-18 10:55:08.628000+00:00,2022-10-18 10:55:20.628000+00:00,20.0,11.701327274810975,closed,below_threshold
development_seed42_controlled_v1,11,j2,Alert,19.59412874886312,2022-10-18 10:55:00.628000+00:00,2022-10-18 10:55:08.628000+00:00,2022-10-18 10:55:20.628000+00:00,20.0,30.609986696290598,closed,below_threshold
development_seed42_controlled_v1,12,j2,Error,27.82726063299145,2022-10-18 10:55:00.628000+00:00,2022-10-18 10:55:08.628000+00:00,2022-10-18 10:55:20.628000+00:00,20.0,30.609986696290598,closed,below_threshold
development_seed42_controlled_v1,13,j3,Alert,15.652729955341993,2022-10-18 10:55:00.628000+00:00,2022-10-18 10:55:08.628000+00:00,2022-10-18 10:55:20.628000+00:00,20.0,24.20539333973666,closed,below_threshold
development_seed42_controlled_v1,14,j3,Error,22.004903036124237,2022-10-18 10:55:00.628000+00:00,2022-10-18 10:55:08.628000+00:00,2022-10-18 10:55:20.628000+00:00,20.0,24.20539333973666,closed,below_threshold
development_seed42_controlled_v1,15,j4,Alert,4.540263435566712,2022-10-18 10:55:00.628000+00:00,2022-10-18 10:55:08.628000+00:00,2022-10-18 10:55:20.628000+00:00,20.0,8.497326928461739,closed,below_threshold
development_seed42_controlled_v1,16,j4,Error,7.724842662237945,2022-10-18 10:55:00.628000+00:00,2022-10-18 10:55:08.628000+00:00,2022-10-18 10:55:20.628000+00:00,20.0,8.497326928461739,closed,below_threshold
development_seed42_controlled_v1,17,j5,Alert,5.66019895355448,2022-10-18 10:55:00.628000+00:00,2022-10-18 10:55:08.628000+00:00,2022-10-18 10:55:20.628000+00:00,20.0,9.824270408049241,closed,below_threshold
development_seed42_controlled_v1,18,j5,Error,8.931154916408401,2022-10-18 10:55:00.628000+00:00,2022-10-18 10:55:08.628000+00:00,2022-10-18 10:55:20.628000+00:00,20.0,9.824270408049241,closed,below_threshold
development_seed42_controlled_v1,19,j6,Alert,5.621047385486893,2022-10-18 10:55:00.628000+00:00,2022-10-18 10:55:08.628000+00:00,2022-10-18 10:55:20.628000+00:00,20.0,10.71096504260812,closed,below_threshold
development_seed42_controlled_v1,20,j6,Error,9.737240947825562,2022-10-18 10:55:00.628000+00:00,2022-10-18 10:55:08.628000+00:00,2022-10-18 10:55:20.628000+00:00,20.0,10.71096504260812,closed,below_threshold
development_seed42_controlled_v1,21,j7,Alert,7.205219531183001,2022-10-18 10:55:00.628000+00:00,2022-10-18 10:55:08.628000+00:00,2022-10-18 10:55:20.628000+00:00,20.0,7.949918486477155,closed,below_threshold
development_seed42_controlled_v1,22,j7,Error,7.22719862407014,2022-10-18 10:55:00.628000+00:00,2022-10-18 10:55:08.628000+00:00,2022-10-18 10:55:20.628000+00:00,20.0,7.949918486477155,closed,below_threshold
development_seed42_controlled_v1,23,j8,Alert,1.1142138203989616,2022-10-18 10:55:00.628000+00:00,2022-10-18 10:55:08.628000+00:00,2022-10-18 10:55:20.628000+00:00,20.0,3.153290397138077,closed,below_threshold
development_seed42_controlled_v1,24,j8,Error,2.866627633761888,2022-10-18 10:55:00.628000+00:00,2022-10-18 10:55:08.628000+00:00,2022-10-18 10:55:20.628000+00:00,20.0,3.153290397138077,closed,below_threshold
